file,loc,noc,bf,bug
internal::core::search::indexing::IndexBinaryFolder ,122,64,3,0,internal core search indexing index binary folder 
internal::compiler::codegen::CachedIndexEntry ,4,1,0,0,internal compiler codegen cached index entry 
internal::compiler::ast::ASTNode ,484,119,55,1,internal compiler ast node 
internal::compiler::lookup::MemberTypeBinding ,33,27,3,0,internal compiler lookup member type binding 
internal::eval::CodeSnippetParser ,673,92,15,0,internal eval code snippet parser 
internal::formatter::Location ,16,15,13,0,internal formatter location 
core::dom::SingleMemberAnnotation ,87,29,5,0,core dom single member annotation 
internal::compiler::parser::NLSTag ,9,6,6,0,internal compiler parser tag 
internal::compiler::parser::RecoveredBlock ,250,51,7,0,internal compiler parser recovered block 
internal::core::CompilationUnitElementInfo ,9,22,1,0,internal core compilation unit element info 
core::dom::MemberRef ,95,24,3,0,core dom member ref 
internal::core::util::Annotation ,42,10,1,0,internal core util annotation 
internal::codeassist::select::SelectionOnQualifiedNameReference ,42,31,4,0,internal codeassist select selection on qualified name reference 
internal::compiler::flow::LoopingFlowContext ,387,51,11,0,internal compiler flow looping flow context 
internal::core::util::KeyKind ,53,12,7,0,internal core util key kind 
core::dom::ChildListPropertyDescriptor ,14,8,1,0,core dom child list property descriptor 
internal::compiler::ast::TypeDeclaration ,624,192,60,3,internal compiler ast type declaration 
core::dom::ASTRequestor ,20,11,2,0,core dom requestor 
internal::core::search::AbstractJavaSearchScope ,0,0,1,0,internal core search abstract java search scope 
core::search::SearchPattern ,1126,90,37,1,core search search pattern 
core::jdom::DOMFactory ,52,34,3,0,core jdom factory 
internal::core::util::SignatureAttribute ,16,5,0,0,internal core util signature attribute 
internal::core::BinaryMember ,127,42,10,1,internal core binary member 
internal::compiler::ast::MessageSend ,494,167,37,4,internal compiler ast message send 
internal::core::XMLWriter ,3,19,4,0,internal core writer 
internal::compiler::parser::JavadocParser ,795,91,59,3,internal compiler parser javadoc parser 
internal::eval::CodeSnippetSingleNameReference ,591,75,16,2,internal eval code snippet single name reference 
internal::compiler::parser::RecoveredInitializer ,166,53,6,0,internal compiler parser recovered initializer 
internal::core::util::WeakHashSetOfCharArray ,144,3,1,0,internal core util weak hash set of char array 
internal::compiler::ast::Expression ,760,148,57,0,internal compiler ast expression 
internal::compiler::classfmt::MethodInfoWithAnnotations ,35,1,0,0,internal compiler classfmt method info with annotations 
internal::core::util::ConstantPool ,72,9,0,0,internal core util constant pool 
internal::compiler::ast::ArrayTypeReference ,52,46,4,0,internal compiler ast array type reference 
internal::compiler::impl::IntConstant ,55,36,1,0,internal compiler impl int constant 
internal::core::search::matching::SuperTypeReferencePattern ,214,81,11,1,internal core search matching super type reference pattern 
internal::codeassist::complete::CompletionOnQualifiedAllocationExpression ,32,28,0,0,internal codeassist complete completion on qualified allocation expression 
core::dom::SuperFieldAccess ,96,38,10,0,core dom super field access 
internal::core::ExternalPackageFragmentRoot ,56,6,5,0,internal core external package fragment root 
internal::compiler::lookup::MethodScope ,378,88,24,1,internal compiler lookup method scope 
internal::compiler::CompilationResult ,245,80,22,1,internal compiler compilation result 
internal::core::util::KeyToSignature ,258,31,18,0,internal core util key to signature 
internal::core::jdom::DOMType ,419,57,11,0,internal core jdom type 
internal::compiler::ast::ForStatement ,343,85,18,0,internal compiler ast for statement 
internal::compiler::lookup::MissingTypeBinding ,34,1,1,0,internal compiler lookup missing type binding 
internal::compiler::ast::TrueLiteral ,39,23,2,0,internal compiler ast true literal 
internal::codeassist::complete::CompletionOnKeyword3 ,21,10,2,0,internal codeassist complete completion on keyword 
internal::formatter::FormatJavadocText ,197,6,7,0,internal formatter format javadoc text 
internal::core::ImportDeclarationElementInfo ,0,9,3,0,internal core import declaration element info 
internal::formatter::comment::SubstitutionTextReader ,81,6,4,0,internal formatter comment substitution text reader 
internal::compiler::ast::NormalAnnotation ,45,17,2,0,internal compiler ast normal annotation 
internal::compiler::lookup::SourceTypeBinding ,1461,223,74,6,internal compiler lookup source type binding 
internal::core::SetContainerOperation ,167,9,5,0,internal core set container operation 
internal::compiler::lookup::AnnotationBinding ,151,11,4,0,internal compiler lookup annotation binding 
internal::core::LRUCacheEnumerator ,11,14,0,0,internal core cache enumerator 
internal::core::JavaModelInfo ,27,26,2,0,internal core java model info 
core::dom::MethodDeclaration ,319,72,15,0,core dom method declaration 
internal::core::search::matching::AndPattern ,50,49,4,1,internal core search matching and pattern 
internal::eval::CodeSnippetSuperReference ,25,25,1,0,internal eval code snippet super reference 
internal::core::search::matching::OrPattern ,69,59,6,1,internal core search matching or pattern 
internal::core::util::HashSetOfArray ,109,2,1,0,internal core util hash set of array 
internal::core::util::ClassFileStruct ,85,13,0,0,internal core util class file struct 
internal::codeassist::select::SelectionOnSingleTypeReference ,35,36,3,0,internal codeassist select selection on single type reference 
internal::compiler::env::AccessRuleSet ,62,15,9,0,internal compiler env access rule set 
internal::core::search::indexing::IndexAllProject ,207,109,10,0,internal core search indexing index all project 
internal::compiler::codegen::ObjectCache ,83,30,1,0,internal compiler codegen object cache 
internal::core::util::ClassFileAttribute ,18,9,0,0,internal core util class file attribute 
internal::compiler::ast::ForeachStatement ,451,83,24,2,internal compiler ast foreach statement 
core::dom::NodeEventHandler ,43,13,2,0,core dom node event handler 
internal::eval::CodeSnippetClassFile ,166,60,12,1,internal eval code snippet class file 
internal::compiler::flow::FinallyFlowContext ,264,35,8,0,internal compiler flow finally flow context 
internal::compiler::SourceJavadocParser ,107,12,6,0,internal compiler source javadoc parser 
internal::compiler::lookup::UnresolvedReferenceBinding ,64,49,7,0,internal compiler lookup unresolved reference binding 
internal::core::CreateImportOperation ,83,48,8,0,internal core create import operation 
internal::core::builder::ReferenceCollection ,140,27,6,1,internal core builder reference collection 
internal::compiler::ast::InstanceOfExpression ,70,73,13,1,internal compiler ast instance of expression 
core::dom::NodeSearcher ,11,8,1,0,core dom node searcher 
internal::core::util::AnnotationComponent ,27,5,0,0,internal core util annotation component 
core::dom::BreakStatement ,59,33,6,0,core dom break statement 
internal::core::ASTHolderCUInfo ,0,12,4,0,internal core holder info 
internal::codeassist::complete::CompletionOnMethodReturnType ,12,10,1,0,internal codeassist complete completion on method return type 
internal::compiler::ast::ImportReference ,35,43,2,0,internal compiler ast import reference 
internal::core::builder::ClasspathJar ,108,40,7,0,internal core builder classpath jar 
internal::eval::VariablesInfo ,25,17,1,0,internal eval variables info 
internal::core::DeleteResourceElementsOperation ,90,51,10,0,internal core delete resource elements operation 
internal::core::InternalNamingConventions ,377,23,9,2,internal core internal naming conventions 
internal::core::search::IndexQueryRequestor ,0,8,1,0,internal core search index query requestor 
internal::compiler::flow::SwitchFlowContext ,23,41,5,0,internal compiler flow switch flow context 
core::dom::LineComment ,31,18,3,0,core dom line comment 
internal::compiler::ast::JavadocSingleNameReference ,30,16,10,0,internal compiler ast javadoc single name reference 
internal::compiler::ast::SubRoutineStatement ,31,18,10,0,internal compiler ast sub routine statement 
internal::compiler::ProcessTaskManager ,140,6,3,0,internal compiler process task manager 
core::dom::SwitchStatement ,86,38,9,0,core dom switch statement 
internal::core::search::matching::SuperTypeReferenceLocator ,67,21,4,1,internal core search matching super type reference locator 
internal::core::SourceMethod ,222,83,17,0,internal core source method 
internal::core::hierarchy::IndexBasedHierarchyBuilder ,423,131,33,0,internal core hierarchy index based hierarchy builder 
internal::core::util::CommentRecorderScanner ,10,7,0,1,internal core util comment recorder scanner 
internal::core::util::StackMapAttribute ,33,4,1,0,internal core util stack map attribute 
core::dom::SuperMethodInvocation ,136,44,11,0,core dom super method invocation 
internal::codeassist::complete::CompletionOnExplicitConstructorCall ,41,27,0,0,internal codeassist complete completion on explicit constructor call 
internal::formatter::old::CodeFormatter ,131,18,5,0,internal formatter old code formatter 
internal::compiler::lookup::CaptureBinding ,210,32,20,0,internal compiler lookup capture binding 
internal::compiler::lookup::ParameterizedMethodBinding ,34,48,14,0,internal compiler lookup parameterized method binding 
internal::compiler::ast::FieldDeclaration ,241,120,41,0,internal compiler ast field declaration 
internal::compiler::lookup::InferenceContext ,116,4,2,0,internal compiler lookup inference context 
core::dom::AssertStatement ,98,37,8,0,core dom assert statement 
internal::core::search::matching::PackageDeclarationPattern ,17,48,2,1,internal core search matching package declaration pattern 
core::dom::InternalASTRewrite ,163,14,3,0,core dom internal rewrite 
internal::compiler::classfmt::ClassFileReader ,724,110,27,0,internal compiler classfmt class file reader 
internal::core::search::JavaSearchParticipant ,46,20,3,0,internal core search java search participant 
internal::core::ImportContainer ,63,43,8,0,internal core import container 
core::dom::TypeParameter ,91,35,5,0,core dom type parameter 
internal::compiler::env::NameEnvironmentAnswer ,34,29,2,0,internal compiler env name environment answer 
core::CompletionContext ,123,17,14,1,core completion context 
internal::core::index::EntryResult ,56,18,2,0,internal core index entry result 
internal::compiler::problem::AbortCompilation ,14,25,8,0,internal compiler problem abort compilation 
core::dom::SynchronizedStatement ,106,37,8,0,core dom synchronized statement 
core::dom::DefaultCommentMapper ,393,44,24,0,core dom default comment mapper 
internal::core::util::EnclosingMethodAttribute ,50,8,0,0,internal core util enclosing method attribute 
internal::compiler::ast::ArrayInitializer ,195,71,17,0,internal compiler ast array initializer 
internal::codeassist::complete::CompletionOnMemberValueName ,9,0,0,0,internal codeassist complete completion on member value name 
internal::compiler::impl::ShortConstant ,37,34,1,0,internal compiler impl short constant 
internal::core::search::matching::OrLocator ,124,26,8,0,internal core search matching or locator 
internal::core::OpenableElementInfo ,6,16,1,0,internal core openable element info 
internal::compiler::ast::IntLiteralMinValue ,7,15,0,0,internal compiler ast int literal min value 
internal::core::search::matching::AndLocator ,74,2,2,0,internal core search matching and locator 
internal::compiler::codegen::CharArrayCache ,118,33,4,0,internal compiler codegen char array cache 
internal::core::search::matching::MethodLocator ,526,106,57,3,internal core search matching method locator 
core::BufferChangedEvent ,18,21,0,0,core buffer changed event 
internal::core::NullBuffer ,3,1,1,0,internal core null buffer 
core::dom::ReturnStatement ,60,33,6,0,core dom return statement 
internal::core::CopyPackageFragmentRootOperation ,223,34,12,1,internal core copy package fragment root operation 
internal::core::MultiOperation ,165,27,3,0,internal core multi operation 
internal::core::ProjectReferenceChange ,77,7,3,1,internal core project reference change 
internal::compiler::ast::QualifiedSuperReference ,38,37,3,1,internal compiler ast qualified super reference 
internal::core::search::processing::JobManager ,383,115,16,0,internal core search processing job manager 
internal::core::search::matching::MemberDeclarationVisitor ,142,0,1,0,internal core search matching member declaration visitor 
core::dom::SimpleName ,124,57,13,0,core dom simple name 
internal::eval::CodeSnippetToCuMapper ,233,75,17,0,internal eval code snippet to cu mapper 
internal::core::builder::JavaBuilder ,661,166,31,0,internal core builder java builder 
core::dom::AnnotationTypeDeclaration ,98,26,6,0,core dom annotation type declaration 
internal::compiler::util::SimpleNameVector ,64,28,1,0,internal compiler util simple name vector 
internal::core::SearchableEnvironment ,144,89,27,1,internal core searchable environment 
core::dom::LabeledStatement ,107,37,9,0,core dom labeled statement 
internal::core::search::AbstractSearchScope ,12,20,1,0,internal core search abstract search scope 
internal::core::hierarchy::HierarchyBuilder ,242,81,12,0,internal core hierarchy hierarchy builder 
internal::compiler::ast::Argument ,132,79,13,0,internal compiler ast argument 
internal::codeassist::MissingTypesGuesser ,186,3,3,0,internal codeassist missing types guesser 
internal::core::util::JavaElementFinder ,89,0,1,0,internal core util java element finder 
internal::compiler::flow::ConditionalFlowInfo ,145,32,4,0,internal compiler flow conditional flow info 
internal::core::search::JavaWorkspaceScope ,155,46,8,0,internal core search java workspace scope 
internal::core::MoveResourceElementsOperation ,9,27,2,0,internal core move resource elements operation 
internal::core::BatchInitializationMonitor ,55,0,1,0,internal core batch initialization monitor 
internal::compiler::util::Util ,513,86,25,1,internal compiler util util 
internal::core::CancelableProblemFactory ,9,6,6,0,internal core cancelable problem factory 
internal::core::LocalVariable ,222,34,13,1,internal core local variable 
internal::compiler::ast::MethodDeclaration ,198,83,17,2,internal compiler ast method declaration 
internal::core::ResolvedBinaryType ,26,7,2,0,internal core resolved binary type 
internal::compiler::lookup::InnerEmulationDependency ,4,16,0,0,internal compiler lookup inner emulation dependency 
internal::core::CreateTypeOperation ,62,40,7,0,internal core create type operation 
internal::core::hierarchy::RegionBasedHierarchyBuilder ,156,36,7,0,internal core hierarchy region based hierarchy builder 
internal::core::util::PublicScanner ,3449,134,43,0,internal core util public scanner 
internal::compiler::ast::Block ,97,50,5,0,internal compiler ast block 
internal::core::search::matching::MatchLocator ,1531,380,135,5,internal core search matching match locator 
internal::compiler::ast::ExplicitConstructorCall ,364,84,21,1,internal compiler ast explicit constructor call 
core::dom::SimpleType ,72,41,9,0,core dom simple type 
internal::core::dom::rewrite::ASTRewriteFormatter ,258,33,8,0,internal core dom rewrite rewrite formatter 
internal::core::builder::ProblemFactory ,9,11,0,0,internal core builder problem factory 
internal::core::ExternalFolderChange ,27,2,2,0,internal core external folder change 
internal::compiler::ClassFilePool ,30,4,0,0,internal compiler class file pool 
internal::core::hierarchy::HierarchyType ,17,13,0,0,internal core hierarchy hierarchy type 
internal::compiler::batch::Main ,2557,396,117,2,internal compiler batch main 
internal::compiler::ast::CombinedBinaryExpression ,266,3,4,0,internal compiler ast combined binary expression 
internal::core::util::RuntimeInvisibleAnnotationsAttribute ,22,6,0,0,internal core util runtime invisible annotations attribute 
internal::antadapter::AntAdapterMessages ,12,6,1,0,internal antadapter ant adapter messages 
internal::core::search::indexing::SaveIndex ,30,20,0,0,internal core search indexing save index 
internal::core::JavaModel ,235,111,28,1,internal core java model 
internal::compiler::lookup::FieldBinding ,251,70,16,3,internal compiler lookup field binding 
internal::compiler::lookup::ParameterizedFieldBinding ,24,18,5,0,internal compiler lookup parameterized field binding 
internal::codeassist::complete::CompletionOnPackageReference ,12,27,0,0,internal codeassist complete completion on package reference 
internal::codeassist::select::SelectionOnFieldType ,10,11,1,0,internal codeassist select selection on field type 
internal::compiler::lookup::ProblemBinding ,13,15,1,0,internal compiler lookup problem binding 
internal::core::CreateTypeHierarchyOperation ,35,20,1,0,internal core create type hierarchy operation 
core::search::MethodReferenceMatch ,13,34,9,1,core search method reference match 
internal::eval::CodeSnippetQualifiedNameReference ,551,72,9,2,internal eval code snippet qualified name reference 
internal::codeassist::complete::CompletionJavadocParser ,768,32,26,0,internal codeassist complete completion javadoc parser 
core::dom::EmptyStatement ,29,29,5,0,core dom empty statement 
core::dom::SimplePropertyDescriptor ,14,8,1,0,core dom simple property descriptor 
internal::core::SourceRange ,28,25,1,0,internal core source range 
internal::core::BinaryType ,698,182,45,1,internal core binary type 
core::search::TypeParameterDeclarationMatch ,3,2,1,0,core search type parameter declaration match 
internal::core::util::LocalVariableTypeAttribute ,21,7,0,0,internal core util local variable type attribute 
core::util::ByteCodeVisitorAdapter ,612,10,0,1,core util byte code visitor adapter 
internal::compiler::ast::ThisReference ,78,43,3,0,internal compiler ast this reference 
internal::compiler::Compiler ,407,139,32,1,internal compiler compiler 
internal::compiler::flow::FlowContext ,379,71,17,2,internal compiler flow flow context 
internal::codeassist::complete::CompletionOnQualifiedNameReference ,36,34,5,0,internal codeassist complete completion on qualified name reference 
internal::core::DeletePackageFragmentRootOperation ,120,20,3,0,internal core delete package fragment root operation 
internal::compiler::ast::BreakStatement ,72,12,6,0,internal compiler ast break statement 
internal::formatter::FormatJavadocBlock ,238,6,8,0,internal formatter format javadoc block 
internal::compiler::classfmt::FieldInfo ,305,65,11,0,internal compiler classfmt field info 
internal::codeassist::select::SelectionJavadoc ,80,5,3,0,internal codeassist select selection javadoc 
internal::core::util::LineNumberAttribute ,23,13,0,0,internal core util line number attribute 
internal::core::PackageFragmentRootInfo ,110,52,11,0,internal core package fragment root info 
internal::core::dom::rewrite::ASTRewriteFlattener ,92,23,8,0,internal core dom rewrite rewrite flattener 
core::dom::ForStatement ,117,44,11,0,core dom for statement 
internal::compiler::parser::diagnose::DiagnoseParser ,2262,42,10,0,internal compiler parser diagnose diagnose parser 
core::dom::ASTNode ,657,111,26,0,core dom node 
internal::codeassist::InternalCompletionContext ,48,12,12,1,internal codeassist internal completion context 
internal::compiler::ast::IfStatement ,192,77,15,0,internal compiler ast if statement 
core::dom::CharacterLiteral ,220,48,9,1,core dom character literal 
internal::compiler::lookup::SignatureWrapper ,47,8,0,0,internal compiler lookup signature wrapper 
internal::compiler::DefaultErrorHandlingPolicies ,40,17,0,0,internal compiler default error handling policies 
internal::core::search::BasicSearchEngine ,712,64,41,1,internal core search basic search engine 
internal::compiler::batch::FileFinder ,23,30,2,0,internal compiler batch file finder 
internal::formatter::comment::MultiCommentRegion ,121,6,4,0,internal formatter comment multi comment region 
internal::eval::CodeSnippetCompiler ,24,34,3,0,internal eval code snippet compiler 
core::dom::Message ,27,10,2,0,core dom message 
internal::compiler::ast::SingleNameReference ,787,149,40,6,internal compiler ast single name reference 
internal::core::Openable ,327,139,22,0,internal core openable 
internal::compiler::lookup::ProblemMethodBinding ,8,22,2,0,internal compiler lookup problem method binding 
internal::codeassist::impl::AssistInitializer ,13,0,1,0,internal codeassist impl assist initializer 
internal::formatter::comment::SingleCommentLine ,48,2,1,0,internal formatter comment single comment line 
internal::compiler::codegen::DoubleCache ,88,29,1,0,internal compiler codegen double cache 
internal::core::util::LRUCache ,276,35,2,0,internal core util cache 
internal::core::search::matching::DeclarationOfReferencedTypesPattern ,7,32,5,1,internal core search matching declaration of referenced types pattern 
internal::compiler::util::SimpleLookupTable ,127,6,2,0,internal compiler util simple lookup table 
internal::compiler::lookup::ProblemReferenceBinding ,48,30,2,0,internal compiler lookup problem reference binding 
internal::core::NamedMember ,178,21,8,0,internal core named member 
internal::core::JarPackageFragmentRootInfo ,4,16,2,0,internal core jar package fragment root info 
core::dom::ASTParser ,426,105,38,1,core dom parser 
internal::core::SourceMethodInfo ,12,3,0,0,internal core source method info 
internal::core::JavaElementInfo ,47,24,3,0,internal core java element info 
internal::core::dom::rewrite::NodeRewriteEvent ,59,8,1,0,internal core dom rewrite node rewrite event 
internal::compiler::ast::AND_AND_Expression ,230,51,12,0,internal compiler ast expression 
internal::core::search::indexing::SourceIndexer ,35,57,10,1,internal core search indexing source indexer 
core::dom::ThisExpression ,59,37,8,0,core dom this expression 
internal::core::builder::SourceFile ,68,38,5,0,internal core builder source file 
core::ElementChangedEvent ,10,29,0,0,core element changed event 
internal::formatter::FormatterCommentParser ,495,12,17,5,internal formatter formatter comment parser 
core::dom::StructuralPropertyDescriptor ,44,8,1,0,core dom structural property descriptor 
internal::compiler::lookup::BlockScope ,546,142,30,1,internal compiler lookup block scope 
internal::compiler::lookup::LookupEnvironment ,1069,155,44,3,internal compiler lookup lookup environment 
core::dom::BodyDeclaration ,74,39,6,0,core dom body declaration 
core::dom::ConditionalExpression ,141,35,8,0,core dom conditional expression 
internal::compiler::lookup::LocalVariableBinding ,177,53,8,0,internal compiler lookup local variable binding 
internal::core::JavaModelOperation ,528,89,29,0,internal core java model operation 
internal::core::CopyResourceElementsOperation ,516,130,26,1,internal core copy resource elements operation 
core::dom::VariableDeclarationFragment ,127,42,10,0,core dom variable declaration fragment 
internal::compiler::codegen::CaseLabel ,46,26,3,0,internal compiler codegen case label 
internal::core::DeleteElementsOperation ,102,59,12,0,internal core delete elements operation 
internal::codeassist::select::SelectionOnMessageSend ,65,42,2,0,internal codeassist select selection on message send 
internal::compiler::lookup::PackageBinding ,136,58,7,4,internal compiler lookup package binding 
internal::core::search::TypeNameMatchRequestorWrapper ,121,10,8,0,internal core search type name match requestor wrapper 
core::dom::TagElement ,70,30,9,0,core dom tag element 
core::dom::CompilationUnit ,344,119,38,0,core dom compilation unit 
core::dom::ExpressionStatement ,72,37,8,0,core dom expression statement 
internal::core::search::matching::PossibleMatch ,112,37,13,0,internal core search matching possible match 
internal::compiler::lookup::ArrayBinding ,190,80,16,0,internal compiler lookup array binding 
core::formatter::DefaultCodeFormatterConstants ,177,118,62,2,core formatter default code formatter constants 
internal::compiler::ast::JavadocArgumentExpression ,66,36,15,0,internal compiler ast javadoc argument expression 
internal::core::jdom::DOMField ,328,41,4,0,internal core jdom field 
internal::compiler::util::HashtableOfObjectToInt ,117,6,1,0,internal compiler util hashtable of object to int 
core::util::ClassFileBytesDisassembler ,0,10,2,0,core util class file bytes disassembler 
internal::codeassist::complete::CompletionParser ,4390,243,102,1,internal codeassist complete completion parser 
internal::core::search::matching::LocalVariableLocator ,65,28,6,1,internal core search matching local variable locator 
core::dom::PrimitiveType ,59,33,7,0,core dom primitive type 
internal::compiler::impl::DoubleConstant ,39,36,1,0,internal compiler impl double constant 
internal::eval::CodeSnippetEnvironment ,17,19,1,0,internal eval code snippet environment 
internal::core::jdom::DOMNode ,482,37,4,0,internal core jdom node 
internal::core::JarEntryResource ,57,1,2,0,internal core jar entry resource 
internal::compiler::ast::LongLiteralMinValue ,7,17,0,0,internal compiler ast long literal min value 
internal::eval::VariablesEvaluator ,255,45,4,0,internal eval variables evaluator 
core::dom::FieldAccess ,109,41,10,0,core dom field access 
internal::compiler::batch::ClasspathSourceJar ,7,5,2,0,internal compiler batch classpath source jar 
internal::formatter::BinaryExpressionFragmentBuilder ,42,30,9,0,internal formatter binary expression fragment builder 
internal::core::TypeParameter ,57,15,5,0,internal core type parameter 
internal::core::util::AnnotationComponentValue ,131,13,2,0,internal core util annotation component value 
internal::codeassist::complete::CompletionNodeFound ,3,20,1,0,internal codeassist complete completion node found 
core::dom::Name ,22,23,2,0,core dom name 
internal::formatter::comment::CommentRange ,136,4,2,0,internal formatter comment comment range 
internal::compiler::ast::JavadocImplicitTypeReference ,91,15,9,0,internal compiler ast javadoc implicit type reference 
internal::compiler::util::HashSetOfInt ,94,1,1,0,internal compiler util hash set of int 
internal::core::util::MementoTokenizer ,80,8,2,0,internal core util memento tokenizer 
internal::core::jdom::SimpleDOMBuilder ,104,64,9,0,internal core jdom simple builder 
internal::core::util::DefaultStackMapFrame ,51,3,2,0,internal core util default stack map frame 
internal::formatter::FormatJavadocNode ,27,4,6,0,internal formatter format javadoc node 
internal::core::search::matching::MatchLocatorParser ,681,108,36,0,internal core search matching match locator parser 
core::dom::ParenthesizedExpression ,71,35,8,0,core dom parenthesized expression 
internal::compiler::AbstractAnnotationProcessorManager ,0,9,2,0,internal compiler abstract annotation processor manager 
internal::compiler::lookup::UpdatedMethodBinding ,7,6,0,1,internal compiler lookup updated method binding 
core::dom::ArrayAccess ,109,35,8,0,core dom array access 
internal::codeassist::complete::CompletionOnStringLiteral ,13,1,1,0,internal codeassist complete completion on string literal 
internal::core::hierarchy::RegionBasedTypeHierarchy ,103,37,9,0,internal core hierarchy region based type hierarchy 
internal::core::PackageFragmentRoot ,554,156,39,1,internal core package fragment root 
core::util::CompilationUnitSorter ,19,44,5,0,core util compilation unit sorter 
internal::compiler::ast::Annotation ,357,77,26,1,internal compiler ast annotation 
internal::compiler::ast::JavadocFieldReference ,87,43,22,1,internal compiler ast javadoc field reference 
internal::codeassist::select::SelectionOnSingleNameReference ,40,32,3,0,internal codeassist select selection on single name reference 
internal::core::dom::rewrite::RewriteEventStore ,474,24,6,0,internal core dom rewrite rewrite event store 
internal::compiler::ast::EmptyStatement ,32,27,1,0,internal compiler ast empty statement 
internal::compiler::ClassFile ,6113,225,69,6,internal compiler class file 
internal::core::ClasspathChange ,469,14,11,1,internal core classpath change 
internal::compiler::ast::StringLiteral ,72,37,7,0,internal compiler ast string literal 
core::Signature ,841,126,37,1,core signature 
internal::compiler::classfmt::AnnotationMethodInfoWithAnnotations ,26,1,0,0,internal compiler classfmt annotation method info with annotations 
internal::compiler::parser::RecoveryScanner ,191,7,6,0,internal compiler parser recovery scanner 
core::dom::Type ,24,20,2,0,core dom type 
core::CompletionRequestorAdapter ,42,20,0,0,core completion requestor adapter 
core::compiler::InvalidInputException ,3,24,1,0,core compiler invalid input exception 
internal::core::dom::rewrite::LineCommentEndOffsets ,51,2,3,0,internal core dom rewrite line comment end offsets 
internal::compiler::parser::Scanner ,3449,238,85,1,internal compiler parser scanner 
internal::compiler::ast::Initializer ,81,53,4,0,internal compiler ast initializer 
core::dom::VariableDeclarationStatement ,155,57,11,0,core dom variable declaration statement 
internal::core::search::matching::DeclarationOfReferencedMethodsPattern ,7,30,4,1,internal core search matching declaration of referenced methods pattern 
core::compiler::CharOperation ,845,97,20,0,core compiler char operation 
internal::codeassist::CompletionElementNotifier ,136,0,1,0,internal codeassist completion element notifier 
internal::core::search::indexing::BinaryIndexer ,707,89,17,0,internal core search indexing binary indexer 
internal::compiler::ast::CompilationUnitDeclaration ,536,96,29,2,internal compiler ast compilation unit declaration 
internal::compiler::ast::PrefixExpression ,28,35,1,0,internal compiler ast prefix expression 
core::dom::DefaultValuePairBinding ,20,2,5,0,core dom default value pair binding 
internal::core::search::matching::TypeDeclarationLocator ,69,17,2,1,internal core search matching type declaration locator 
internal::compiler::flow::FlowInfo ,66,42,6,0,internal compiler flow flow info 
core::dom::Block ,47,28,5,0,core dom block 
core::dom::MethodRefParameter ,121,24,5,0,core dom method ref parameter 
internal::core::search::IndexSelector ,145,54,12,1,internal core search index selector 
internal::compiler::ast::Wildcard ,71,27,2,0,internal compiler ast wildcard 
core::dom::ArrayType ,87,38,9,0,core dom array type 
core::search::FieldReferenceMatch ,11,26,3,1,core search field reference match 
core::search::SearchDocument ,16,21,2,1,core search search document 
core::ToolFactory ,63,94,15,0,core tool factory 
internal::core::util::DefaultBytecodeVisitor ,1585,55,9,2,internal core util default bytecode visitor 
core::dom::ThrowStatement ,72,37,8,0,core dom throw statement 
internal::core::search::matching::InternalReferenceMatch ,6,0,1,1,internal core search matching internal reference match 
internal::codeassist::complete::CompletionOnAnnotationMemberValuePair ,32,0,0,0,internal codeassist complete completion on annotation member value pair 
internal::codeassist::ThrownExceptionFinder ,75,2,3,0,internal codeassist thrown exception finder 
internal::core::DefaultWorkingCopyOwner ,10,22,1,0,internal core default working copy owner 
internal::compiler::impl::ByteConstant ,37,34,1,0,internal compiler impl byte constant 
internal::core::AnnotatableInfo ,0,0,1,0,internal core annotatable info 
internal::core::util::ExceptionAttribute ,31,18,3,0,internal core util exception attribute 
core::dom::Initializer ,125,52,11,0,core dom initializer 
internal::codeassist::impl::AssistImportContainer ,10,0,1,0,internal codeassist impl assist import container 
internal::core::MoveElementsOperation ,9,27,2,0,internal core move elements operation 
internal::compiler::parser::RecoveredStatement ,23,29,0,0,internal compiler parser recovered statement 
internal::codeassist::complete::CompletionOnMethodName ,31,14,0,0,internal codeassist complete completion on method name 
core::dom::ClassInstanceCreation ,208,65,14,0,core dom class instance creation 
internal::core::builder::MissingSourceFileException ,3,10,0,0,internal core builder missing source file exception 
internal::compiler::env::EnumConstantSignature ,17,1,0,0,internal compiler env enum constant signature 
internal::compiler::ast::TypeReference ,144,69,16,0,internal compiler ast type reference 
internal::compiler::impl::CompilerStats ,9,1,0,0,internal compiler impl compiler stats 
internal::codeassist::select::SelectionScanner ,31,33,1,0,internal codeassist select selection scanner 
core::dom::PackageDeclaration ,130,47,11,0,core dom package declaration 
internal::compiler::ast::CaseStatement ,96,41,15,0,internal compiler ast case statement 
internal::compiler::ASTVisitor ,9,23,3,0,internal compiler visitor 
internal::compiler::ast::Literal ,25,20,0,0,internal compiler ast literal 
internal::compiler::lookup::ProblemFieldBinding ,9,22,3,0,internal compiler lookup problem field binding 
internal::core::search::matching::PatternLocator ,580,91,44,1,internal core search matching pattern locator 
internal::codeassist::impl::Engine ,230,74,20,1,internal codeassist impl engine 
internal::core::SingleTypeRequestor ,27,14,0,0,internal core single type requestor 
core::dom::ASTConverter ,1947,317,196,1,core dom converter 
internal::compiler::ast::QualifiedAllocationExpression ,414,114,25,1,internal compiler ast qualified allocation expression 
internal::core::search::matching::VariablePattern ,34,19,4,0,internal core search matching variable pattern 
internal::core::search::JavaSearchScope ,289,89,34,1,internal core search java search scope 
internal::compiler::util::SimpleSet ,103,2,0,0,internal compiler util simple set 
internal::core::jdom::DOMMember ,146,36,2,0,internal core jdom member 
internal::core::jdom::DOMMethod ,404,42,6,0,internal core jdom method 
internal::codeassist::select::SelectionOnLocalName ,24,15,2,0,internal codeassist select selection on local name 
internal::compiler::ast::Javadoc ,708,79,48,3,internal compiler ast javadoc 
core::dom::TypeBinding ,952,165,89,1,core dom type binding 
core::search::SearchRequestor ,12,15,1,0,core search search requestor 
core::dom::ContinueStatement ,59,33,6,0,core dom continue statement 
internal::core::builder::AdditionalTypeCollection ,4,8,0,1,internal core builder additional type collection 
core::JavaModelException ,52,37,3,0,core java model exception 
internal::core::builder::StringSet ,56,11,2,0,internal core builder string set 
core::search::PackageDeclarationMatch ,3,16,0,0,core search package declaration match 
internal::core::CreatePackageFragmentOperation ,83,50,9,0,internal core create package fragment operation 
internal::core::util::ClassFileReader ,285,34,5,0,internal core util class file reader 
internal::compiler::ast::ArrayReference ,158,65,10,0,internal compiler ast array reference 
internal::formatter::comment::HTMLEntity2JavaReader ,44,5,4,0,internal formatter comment entity java reader 
internal::core::BinaryMethod ,529,120,31,1,internal core binary method 
internal::core::search::matching::ImportMatchLocatorParser ,28,5,2,0,internal core search matching import match locator parser 
core::dom::MethodRef ,109,23,3,0,core dom method ref 
internal::core::util::ReferenceInfoAdapter ,18,19,1,0,internal core util reference info adapter 
internal::core::RenameResourceElementsOperation ,28,30,2,0,internal core rename resource elements operation 
core::dom::ASTMatcher ,52,65,11,0,core dom matcher 
core::WorkingCopyOwner ,17,32,3,0,core working copy owner 
core::compiler::ReconcileContext ,44,12,4,0,core compiler reconcile context 
core::ClasspathContainerInitializer ,69,42,4,0,core classpath container initializer 
internal::core::Annotation ,56,0,1,1,internal core annotation 
internal::core::jdom::AbstractDOMBuilder ,82,27,2,0,internal core jdom abstract builder 
internal::eval::Evaluator ,104,48,9,0,internal eval evaluator 
internal::formatter::comment::JavaDocRegion ,231,13,6,0,internal formatter comment java doc region 
core::dom::VariableBinding ,232,70,32,0,core dom variable binding 
internal::compiler::problem::DefaultProblem ,164,63,11,0,internal compiler problem default problem 
core::util::ClassFormatException ,3,25,0,0,core util class format exception 
internal::core::builder::IncrementalImageBuilder ,706,123,39,1,internal core builder incremental image builder 
internal::codeassist::select::SelectionOnNameOfMemberValuePair ,17,3,0,0,internal codeassist select selection on name of member value pair 
internal::core::SourceRefElement ,171,63,15,0,internal core source ref element 
internal::codeassist::select::SelectionOnQualifiedSuperReference ,16,27,1,0,internal codeassist select selection on qualified super reference 
internal::core::NonJavaResource ,77,0,1,0,internal core non java resource 
internal::core::hierarchy::HierarchyBinaryType ,154,48,6,0,internal core hierarchy hierarchy binary type 
internal::codeassist::complete::CompletionOnFieldName ,20,19,2,0,internal codeassist complete completion on field name 
internal::compiler::impl::FloatConstant ,36,36,1,0,internal compiler impl float constant 
internal::compiler::codegen::FloatCache ,88,29,1,0,internal compiler codegen float cache 
internal::compiler::parser::SourceTypeConverter ,209,81,28,0,internal compiler parser source type converter 
internal::core::search::matching::ClassFileMatchLocator ,462,55,15,1,internal core search matching class file match locator 
internal::core::VerboseElementCache ,27,1,0,0,internal core verbose element cache 
internal::core::BinaryTypeConverter ,216,19,8,0,internal core binary type converter 
internal::compiler::util::CompoundNameVector ,50,12,1,0,internal compiler util compound name vector 
core::dom::PackageBinding ,155,45,18,0,core dom package binding 
internal::formatter::comment::MultiCommentLine ,276,4,2,0,internal formatter comment multi comment line 
internal::core::JavaCorePreferenceInitializer ,73,45,22,0,internal core java core preference initializer 
internal::compiler::codegen::VerificationTypeInfo ,156,7,4,0,internal compiler codegen verification type info 
internal::compiler::ast::QualifiedThisReference ,76,51,4,0,internal compiler ast qualified this reference 
internal::codeassist::complete::CompletionOnJavadocParamNameReference ,17,5,7,0,internal codeassist complete completion on javadoc param name reference 
core::dom::MethodBinding ,290,107,59,0,core dom method binding 
internal::compiler::ast::ConstructorDeclaration ,437,122,40,3,internal compiler ast constructor declaration 
internal::core::CreateCompilationUnitOperation ,87,50,10,0,internal core create compilation unit operation 
core::CorrectionEngine ,128,59,6,1,core correction engine 
internal::core::search::matching::VariableLocator ,36,11,2,1,internal core search matching variable locator 
internal::compiler::batch::ClasspathDirectory ,136,60,9,0,internal compiler batch classpath directory 
internal::core::index::MemoryIndex ,99,20,2,0,internal core index memory index 
internal::compiler::ast::SwitchStatement ,334,94,19,1,internal compiler ast switch statement 
internal::core::search::indexing::InternalSearchDocument ,16,13,4,1,internal core search indexing internal search document 
core::dom::BindingResolver ,105,62,23,0,core dom binding resolver 
internal::compiler::codegen::StackMapFrame ,325,11,8,0,internal compiler codegen stack map frame 
internal::core::AnnotationInfo ,0,1,1,0,internal core annotation info 
internal::compiler::classfmt::ClassFormatException ,29,24,2,0,internal compiler classfmt class format exception 
internal::core::builder::ClasspathDirectory ,101,39,6,0,internal core builder classpath directory 
internal::compiler::classfmt::MethodInfoWithParameterAnnotations ,35,1,0,0,internal compiler classfmt method info with parameter annotations 
internal::core::builder::ClasspathMultiDirectory ,33,27,3,0,internal core builder classpath multi directory 
internal::compiler::lookup::TypeBinding ,773,143,56,3,internal compiler lookup type binding 
internal::compiler::flow::LabelFlowContext ,23,33,3,0,internal compiler flow label flow context 
internal::compiler::ast::AssertStatement ,163,68,9,2,internal compiler ast assert statement 
internal::core::search::matching::TypeReferencePattern ,54,99,21,1,internal core search matching type reference pattern 
core::search::TypeNameMatchRequestor ,0,2,3,0,core search type name match requestor 
internal::codeassist::select::SelectionOnPackageReference ,11,27,0,0,internal codeassist select selection on package reference 
core::BindingKey ,82,25,7,0,core binding key 
internal::compiler::ast::JavadocReturnStatement ,29,24,13,0,internal compiler ast javadoc return statement 
internal::eval::CodeSnippetAllocationExpression ,184,55,13,1,internal eval code snippet allocation expression 
internal::compiler::env::AccessRule ,39,5,2,0,internal compiler env access rule 
internal::core::jdom::DOMBuilder ,368,45,10,0,internal core jdom builder 
internal::core::search::matching::TypeParameterPattern ,61,10,6,0,internal core search matching type parameter pattern 
internal::core::util::InnerClassesAttributeEntry ,49,10,0,0,internal core util inner classes attribute entry 
core::dom::ASTSyntaxErrorPropagator ,62,22,6,0,core dom syntax error propagator 
internal::codeassist::complete::CompletionOnFieldType ,14,20,1,0,internal codeassist complete completion on field type 
internal::codeassist::select::SelectionOnExplicitConstructorCall ,34,29,1,0,internal codeassist select selection on explicit constructor call 
internal::core::util::HandleFactory ,200,59,20,0,internal core util handle factory 
internal::core::dom::rewrite::TrackedNodePosition ,24,8,2,0,internal core dom rewrite tracked node position 
internal::compiler::util::SimpleSetOfCharArray ,103,5,6,0,internal compiler util simple set of char array 
internal::core::dom::rewrite::ASTRewriteAnalyzer ,907,67,28,2,internal core dom rewrite rewrite analyzer 
internal::compiler::ast::ReturnStatement ,217,83,26,1,internal compiler ast return statement 
core::search::MethodDeclarationMatch ,3,16,0,0,core search method declaration match 
internal::core::util::LocalVariableAttribute ,21,14,0,0,internal core util local variable attribute 
internal::core::builder::NameEnvironment ,271,68,14,0,internal core builder name environment 
core::dom::ParameterizedType ,88,38,6,0,core dom parameterized type 
internal::formatter::comment::Java2HTMLEntityReader ,50,8,4,0,internal formatter comment java entity reader 
internal::core::BufferFactoryWrapper ,23,15,0,0,internal core buffer factory wrapper 
internal::core::NameLookup ,691,143,35,0,internal core name lookup 
internal::codeassist::complete::CompletionOnJavadocTag ,115,5,3,1,internal codeassist complete completion on javadoc tag 
internal::compiler::util::HashtableOfObject ,122,38,1,0,internal compiler util hashtable of object 
internal::compiler::ast::ParameterizedQualifiedTypeReference ,296,84,32,1,internal compiler ast parameterized qualified type reference 
internal::eval::EvaluationContext ,332,74,16,0,internal eval evaluation context 
internal::compiler::ast::ContinueStatement ,75,13,6,0,internal compiler ast continue statement 
internal::compiler::ast::ThrowStatement ,44,48,3,0,internal compiler ast throw statement 
internal::core::SourceType ,480,172,36,0,internal core source type 
internal::core::util::StackMapFrame ,127,7,1,0,internal core util stack map frame 
core::CheckDebugAttributes ,50,15,3,0,core check debug attributes 
internal::core::ClasspathEntry ,1340,127,36,4,internal core classpath entry 
internal::core::jdom::DOMPackage ,50,33,3,0,internal core jdom package 
internal::core::search::matching::PackageReferencePattern ,40,82,11,1,internal core search matching package reference pattern 
internal::core::JavaProjectElementInfo ,251,68,25,1,internal core java project element info 
internal::core::SourceAnnotationMethodInfo ,3,7,3,0,internal core source annotation method info 
internal::compiler::ast::ExtendedStringLiteral ,29,32,3,0,internal compiler ast extended string literal 
internal::core::builder::WorkQueue ,28,14,0,0,internal core builder work queue 
internal::core::SourceConstructorInfo ,13,3,0,0,internal core source constructor info 
internal::compiler::ast::ArrayQualifiedTypeReference ,62,48,4,0,internal compiler ast array qualified type reference 
internal::compiler::DocumentElementParser ,1200,73,9,0,internal compiler document element parser 
internal::core::builder::ImageBuilderInternalException ,15,14,1,0,internal core builder image builder internal exception 
internal::codeassist::complete::CompletionOnJavadocSingleTypeReference ,55,3,3,0,internal codeassist complete completion on javadoc single type reference 
internal::compiler::ast::OperatorExpression ,1520,47,4,0,internal compiler ast operator expression 
internal::core::search::TypeNameRequestorWrapper ,6,8,5,0,internal core search type name requestor wrapper 
internal::codeassist::impl::AssistAnnotation ,7,0,1,0,internal codeassist impl assist annotation 
core::dom::ArrayCreation ,110,44,9,0,core dom array creation 
internal::core::CompilationUnitStructureRequestor ,525,93,22,1,internal core compilation unit structure requestor 
internal::compiler::ast::JavadocSingleTypeReference ,66,39,26,0,internal compiler ast javadoc single type reference 
internal::core::builder::BatchImageBuilder ,269,93,28,1,internal core builder batch image builder 
internal::compiler::parser::AbstractCommentParser ,1399,104,81,7,internal compiler parser abstract comment parser 
internal::core::ResolvedBinaryField ,23,5,1,0,internal core resolved binary field 
internal::core::index::Index ,134,45,18,1,internal core index index 
internal::core::ExternalFoldersManager ,192,7,4,3,internal core external folders manager 
core::dom::BooleanLiteral ,52,27,5,0,core dom boolean literal 
internal::core::util::Disassembler ,629,131,33,1,internal core util disassembler 
internal::core::util::DOMFinder ,28,5,3,0,internal core util finder 
internal::compiler::lookup::VariableBinding ,35,40,3,0,internal compiler lookup variable binding 
internal::core::util::CodeSnippetParsingUtil ,152,23,13,0,internal core util code snippet parsing util 
internal::core::search::indexing::ReadWriteMonitor ,52,26,0,0,internal core search indexing read write monitor 
internal::core::JavaProject ,1607,468,128,4,internal core java project 
internal::compiler::flow::ExceptionHandlingFlowContext ,139,55,11,2,internal compiler flow exception handling flow context 
internal::core::search::matching::TypeReferenceLocator ,343,83,40,2,internal core search matching type reference locator 
internal::core::JavaModelStatus ,286,54,15,0,internal core java model status 
core::dom::CatchClause ,107,38,8,0,core dom catch clause 
internal::compiler::ast::JavadocArraySingleTypeReference ,14,15,6,0,internal compiler ast javadoc array single type reference 
internal::core::CreateMethodOperation ,64,39,9,0,internal core create method operation 
internal::core::Buffer ,275,72,14,0,internal core buffer 
internal::core::search::matching::TypeParameterLocator ,57,1,1,1,internal core search matching type parameter locator 
internal::compiler::batch::ClasspathLocation ,15,13,7,0,internal compiler batch classpath location 
internal::core::MemberValuePair ,26,0,1,0,internal core member value pair 
core::dom::ConstructorInvocation ,76,34,7,0,core dom constructor invocation 
internal::formatter::comment::CommentRegion ,269,6,4,0,internal formatter comment comment region 
internal::compiler::util::HashtableOfObjectToIntArray ,117,2,1,0,internal compiler util hashtable of object to int array 
internal::core::search::indexing::RemoveFolderFromIndex ,49,40,6,0,internal core search indexing remove folder from index 
internal::codeassist::SelectionEngine ,1189,175,56,1,internal codeassist selection engine 
internal::compiler::lookup::ImportBinding ,21,31,1,0,internal compiler lookup import binding 
core::compiler::BuildContext ,56,5,3,0,core compiler build context 
internal::core::search::matching::PackageDeclarationLocator ,11,6,0,0,internal core search matching package declaration locator 
internal::compiler::codegen::ExceptionLabel ,58,24,6,1,internal compiler codegen exception label 
internal::eval::CodeSnippetFieldReference ,336,55,6,0,internal eval code snippet field reference 
internal::compiler::lookup::ElementValuePair ,28,8,5,0,internal compiler lookup element value pair 
internal::core::JarPackageFragmentInfo ,3,19,1,0,internal core jar package fragment info 
internal::core::CancelableNameEnvironment ,23,9,6,1,internal core cancelable name environment 
internal::compiler::parser::RecoveredElement ,172,42,3,0,internal compiler parser recovered element 
internal::core::UserLibraryClasspathContainer ,35,11,3,0,internal core user library classpath container 
internal::compiler::problem::DefaultProblemFactory ,126,61,19,0,internal compiler problem default problem factory 
core::search::TypeReferenceMatch ,16,30,6,2,core search type reference match 
internal::compiler::ast::JavadocMessageSend ,174,48,28,0,internal compiler ast javadoc message send 
internal::compiler::lookup::BaseTypeBinding ,163,34,2,0,internal compiler lookup base type binding 
core::dom::WildcardType ,80,28,4,0,core dom wildcard type 
internal::core::util::RuntimeInvisibleParameterAnnotationsAttribute ,22,5,0,0,internal core util runtime invisible parameter annotations attribute 
internal::core::UserLibraryClasspathContainerInitializer ,52,14,3,0,internal core user library classpath container initializer 
core::dom::AST ,804,209,66,0,core dom 
internal::codeassist::UnresolvedReferenceNameFinder ,321,10,7,0,internal codeassist unresolved reference name finder 
internal::codeassist::complete::CompletionOnAnnotationOfType ,10,4,3,0,internal codeassist complete completion on annotation of type 
internal::core::util::HashSetOfCharArrayArray ,118,0,1,0,internal core util hash set of char array array 
internal::compiler::ast::LongLiteral ,128,33,5,0,internal compiler ast long literal 
internal::compiler::util::HashtableOfType ,79,30,1,0,internal compiler util hashtable of type 
internal::compiler::ast::ClassLiteralAccess ,72,72,9,0,internal compiler ast class literal access 
core::dom::NumberLiteral ,97,44,7,0,core dom number literal 
internal::core::util::CharArrayBuffer ,35,21,1,0,internal core util char array buffer 
internal::formatter::OptimizedReplaceEdit ,8,5,1,0,internal formatter optimized replace edit 
internal::core::JavaCorePreferenceModifyListener ,29,1,1,0,internal core java core preference modify listener 
internal::core::search::matching::FieldPattern ,63,40,11,1,internal core search matching field pattern 
internal::core::builder::NameSet ,41,9,1,0,internal core builder name set 
internal::core::ExternalJavaProject ,29,5,4,0,internal core external java project 
core::search::SearchEngine ,54,182,41,0,core search search engine 
internal::compiler::ConfigurableOption ,117,40,4,0,internal compiler configurable option 
internal::compiler::lookup::SyntheticFieldBinding ,5,16,1,0,internal compiler lookup synthetic field binding 
internal::compiler::impl::BooleanConstant ,19,40,5,0,internal compiler impl boolean constant 
internal::core::util::HashtableOfArrayToObject ,144,5,1,0,internal core util hashtable of array to object 
internal::core::InitializerElementInfo ,0,15,0,0,internal core initializer element info 
core::dom::CastExpression ,106,35,8,0,core dom cast expression 
internal::core::ModelUpdater ,157,23,7,0,internal core model updater 
internal::core::util::ConstantPoolEntry ,169,9,1,0,internal core util constant pool entry 
core::dom::AnnotationBinding ,190,9,11,2,core dom annotation binding 
internal::core::ResolvedBinaryMethod ,23,5,1,0,internal core resolved binary method 
internal::core::search::matching::PossibleMatchSet ,37,10,1,0,internal core search matching possible match set 
internal::codeassist::impl::AssistSourceType ,59,2,3,0,internal codeassist impl assist source type 
internal::compiler::ast::JavadocArrayQualifiedTypeReference ,13,15,6,0,internal compiler ast javadoc array qualified type reference 
internal::compiler::ast::TypeParameter ,60,18,5,0,internal compiler ast type parameter 
internal::codeassist::complete::CompletionOnMarkerAnnotationName ,15,5,1,0,internal codeassist complete completion on marker annotation name 
internal::compiler::parser::RecoveredImport ,26,28,0,0,internal compiler parser recovered import 
internal::core::builder::BuildNotifier ,189,36,8,0,internal core builder build notifier 
internal::formatter::comment::CommentFormatterUtil ,55,3,2,0,internal formatter comment comment formatter util 
internal::compiler::flow::NullInfoRegistry ,312,5,4,0,internal compiler flow null info registry 
internal::compiler::ast::Reference ,42,36,3,1,internal compiler ast reference 
internal::core::CreateTypeMemberOperation ,126,49,8,1,internal core create type member operation 
internal::core::util::RuntimeVisibleAnnotationsAttribute ,22,6,0,0,internal core util runtime visible annotations attribute 
internal::core::util::WeakHashSet ,143,6,1,0,internal core util weak hash set 
core::JavaConventions ,219,140,24,1,core java conventions 
internal::compiler::impl::StringConstant ,27,29,0,0,internal compiler impl string constant 
internal::compiler::lookup::Binding ,18,41,7,0,internal compiler lookup binding 
core::dom::DoStatement ,106,41,10,0,core dom do statement 
internal::compiler::util::GenericXMLWriter ,99,4,3,0,internal compiler util generic writer 
internal::core::Region ,89,31,2,0,internal core region 
internal::codeassist::impl::AssistCompilationUnit ,21,0,1,0,internal codeassist impl assist compilation unit 
internal::core::BatchOperation ,28,13,1,0,internal core batch operation 
internal::core::JarPackageFragmentRoot ,185,85,19,0,internal core jar package fragment root 
internal::codeassist::CompletionEngine ,7341,412,205,7,internal codeassist completion engine 
internal::compiler::ast::TryStatement ,784,138,31,3,internal compiler ast try statement 
internal::compiler::lookup::ParameterizedGenericMethodBinding ,412,89,44,0,internal compiler lookup parameterized generic method binding 
core::dom::Javadoc ,108,50,8,0,core dom javadoc 
internal::core::ElementCache ,36,21,4,0,internal core element cache 
internal::compiler::lookup::ReferenceBinding ,840,180,50,1,internal compiler lookup reference binding 
core::dom::InfixExpression ,158,41,11,0,core dom infix expression 
internal::codeassist::complete::CompletionOnJavadocAllocationExpression ,56,5,4,0,internal codeassist complete completion on javadoc allocation expression 
internal::compiler::util::HashtableOfInt ,71,27,0,0,internal compiler util hashtable of int 
internal::compiler::env::ClassSignature ,12,1,0,0,internal compiler env class signature 
internal::formatter::CodeFormatterVisitor ,1248,251,132,2,internal formatter code formatter visitor 
internal::core::util::ParameterAnnotation ,25,8,1,0,internal core util parameter annotation 
internal::compiler::ast::LabeledStatement ,92,57,8,0,internal compiler ast labeled statement 
core::dom::NormalAnnotation ,67,22,4,0,core dom normal annotation 
core::dom::BlockComment ,31,20,3,0,core dom block comment 
internal::core::util::SimpleWordSet ,43,8,1,0,internal core util simple word set 
internal::compiler::ast::AnnotationMethodDeclaration ,128,20,2,0,internal compiler ast annotation method declaration 
core::search::ReferenceMatch ,10,0,1,1,core search reference match 
internal::codeassist::impl::AssistSourceField ,41,1,2,0,internal codeassist impl assist source field 
core::dom::DefaultASTVisitor ,15,8,7,0,core dom default visitor 
internal::core::JavaElementDeltaBuilder ,354,47,8,0,internal core java element delta builder 
internal::core::ClassFileWorkingCopy ,68,64,7,0,internal core class file working copy 
internal::compiler::ast::AllocationExpression ,337,95,20,1,internal compiler ast allocation expression 
internal::compiler::SourceElementNotifier ,299,1,2,0,internal compiler source element notifier 
core::dom::ASTVisitor ,15,34,5,0,core dom visitor 
internal::core::util::BindingKeyParser ,423,39,24,0,internal core util binding key parser 
core::dom::Modifier ,96,35,6,0,core dom modifier 
internal::core::dom::rewrite::RewriteEvent ,0,6,0,0,internal core dom rewrite rewrite event 
internal::core::util::MethodInfo ,123,23,3,0,internal core util method info 
internal::core::builder::AbstractImageBuilder ,639,149,41,2,internal core builder abstract image builder 
internal::compiler::ast::NullLiteral ,32,26,7,0,internal compiler ast null literal 
internal::compiler::flow::InsideSubRoutineFlowContext ,27,26,6,0,internal compiler flow inside sub routine flow context 
internal::compiler::util::ObjectVector ,78,34,3,0,internal compiler util object vector 
core::dom::AnonymousClassDeclaration ,53,26,7,0,core dom anonymous class declaration 
internal::compiler::ast::QualifiedTypeReference ,105,69,16,0,internal compiler ast qualified type reference 
internal::compiler::ast::OR_OR_Expression ,226,49,12,0,internal compiler ast expression 
internal::core::util::SourceFileAttribute ,15,12,0,0,internal core util source file attribute 
core::dom::Expression ,15,13,2,0,core dom expression 
internal::compiler::util::Messages ,80,17,7,0,internal compiler util messages 
internal::core::CopyElementsOperation ,124,56,8,0,internal core copy elements operation 
internal::compiler::ast::SynchronizedStatement ,158,65,17,0,internal compiler ast synchronized statement 
internal::core::RenameElementsOperation ,28,30,3,0,internal core rename elements operation 
internal::core::jdom::DOMImport ,62,38,4,0,internal core jdom import 
internal::compiler::ast::SingleTypeReference ,63,45,4,0,internal compiler ast single type reference 
internal::codeassist::InternalCompletionProposal ,127,11,5,1,internal codeassist internal completion proposal 
internal::compiler::ast::UnaryExpression ,253,62,10,0,internal compiler ast unary expression 
core::dom::ASTRecoveryPropagator ,261,8,7,0,core dom recovery propagator 
core::Flags ,95,47,2,0,core flags 
internal::core::CreatePackageDeclarationOperation ,57,39,8,0,internal core create package declaration operation 
internal::compiler::problem::AbortMethod ,3,17,3,0,internal compiler problem abort method 
internal::core::JavaElementDelta ,485,68,14,0,internal core java element delta 
core::dom::WhileStatement ,106,39,9,0,core dom while statement 
core::dom::InstanceofExpression ,106,34,8,0,core dom instanceof expression 
internal::compiler::impl::CharConstant ,38,33,1,0,internal compiler impl char constant 
internal::compiler::lookup::LocalTypeBinding ,186,61,11,0,internal compiler lookup local type binding 
internal::compiler::impl::CompilerOptions ,974,232,76,1,internal compiler impl compiler options 
internal::core::eval::RequestorWrapper ,36,23,4,0,internal core eval requestor wrapper 
internal::compiler::parser::ScannerHelper ,136,21,2,0,internal compiler parser scanner helper 
internal::core::search::matching::MultiTypeDeclarationPattern ,146,14,10,1,internal core search matching multi type declaration pattern 
internal::core::SelectionRequestor ,781,89,26,0,internal core selection requestor 
core::dom::FieldDeclaration ,136,58,13,0,core dom field declaration 
internal::eval::GlobalVariable ,26,25,0,0,internal eval global variable 
core::dom::MemberValuePairBinding ,152,5,6,0,core dom member value pair binding 
internal::core::hierarchy::TypeHierarchy ,1119,121,27,1,internal core hierarchy type hierarchy 
internal::compiler::lookup::ParameterizedTypeBinding ,866,183,69,2,internal compiler lookup parameterized type binding 
internal::codeassist::select::SelectionOnArgumentName ,26,14,1,0,internal codeassist select selection on argument name 
internal::eval::CodeSnippetTypeDeclaration ,56,22,3,0,internal eval code snippet type declaration 
internal::eval::EvaluationResult ,99,28,2,0,internal eval evaluation result 
internal::core::search::indexing::IndexingParser ,31,2,1,0,internal core search indexing indexing parser 
core::JDTCompilerAdapter ,21,79,30,0,core compiler adapter 
internal::codeassist::CompletionRequestorWrapper ,306,6,0,1,internal codeassist completion requestor wrapper 
internal::core::CreateElementInCUOperation ,142,51,9,0,internal core create element in operation 
internal::core::dom::rewrite::ListRewriteEvent ,121,10,2,0,internal core dom rewrite list rewrite event 
core::dom::Assignment ,132,38,9,0,core dom assignment 
core::dom::NullLiteral ,31,29,5,0,core dom null literal 
internal::core::JavaElement ,505,155,36,1,internal core java element 
internal::formatter::comment::CommentLine ,149,4,1,0,internal formatter comment comment line 
internal::codeassist::complete::CompletionOnMessageSend ,41,36,2,0,internal codeassist complete completion on message send 
core::dom::ArrayInitializer ,45,26,5,0,core dom array initializer 
internal::codeassist::impl::AssistTypeParameter ,7,0,1,0,internal codeassist impl assist type parameter 
internal::formatter::align::AlignmentException ,21,10,0,0,internal formatter align alignment exception 
core::CompletionFlags ,6,0,1,0,core completion flags 
core::compiler::CategorizedProblem ,6,22,4,0,core compiler categorized problem 
internal::compiler::ast::AbstractMethodDeclaration ,314,125,35,0,internal compiler ast abstract method declaration 
internal::core::util::Messages ,6,25,17,1,internal core util messages 
internal::core::CreateFieldOperation ,77,41,10,0,internal core create field operation 
internal::codeassist::complete::CompletionOnJavadocQualifiedTypeReference ,56,3,3,0,internal codeassist complete completion on javadoc qualified type reference 
internal::codeassist::complete::CompletionOnLocalName ,25,17,2,0,internal codeassist complete completion on local name 
core::dom::rewrite::ImportRewrite ,356,15,7,0,core dom rewrite import rewrite 
core::formatter::CodeFormatterApplication ,200,14,6,0,core formatter code formatter application 
internal::core::BecomeWorkingCopyOperation ,38,23,6,0,internal core become working copy operation 
internal::compiler::lookup::UnresolvedAnnotationBinding ,37,3,1,1,internal compiler lookup unresolved annotation binding 
core::compiler::batch::BatchCompiler ,6,2,1,0,core compiler batch batch compiler 
internal::core::util::SimpleDocument ,145,9,0,0,internal core util simple document 
internal::core::search::matching::ConstructorPattern ,154,54,15,1,internal core search matching constructor pattern 
core::dom::RecoveredTypeBinding ,402,11,10,0,core dom recovered type binding 
internal::compiler::ast::CastExpression ,431,155,50,1,internal compiler ast cast expression 
internal::core::ClassFileInfo ,149,52,6,1,internal core class file info 
internal::core::DeltaProcessor ,2116,367,101,2,internal core delta processor 
core::dom::TypeDeclaration ,303,70,18,0,core dom type declaration 
internal::compiler::codegen::ConstantPool ,329,79,16,1,internal compiler codegen constant pool 
core::dom::VariableDeclarationExpression ,156,55,11,0,core dom variable declaration expression 
internal::compiler::classfmt::ElementValuePairInfo ,28,3,0,0,internal compiler classfmt element value pair info 
internal::compiler::util::FloatUtil ,311,3,1,0,internal compiler util float util 
internal::compiler::lookup::NestedTypeBinding ,115,26,5,1,internal compiler lookup nested type binding 
internal::core::ResolvedSourceField ,23,7,2,0,internal core resolved source field 
internal::compiler::SourceElementRequestorAdapter ,66,28,15,0,internal compiler source element requestor adapter 
internal::codeassist::InternalExtendedCompletionContext ,648,3,4,2,internal codeassist internal extended completion context 
internal::compiler::ast::AbstractVariableDeclaration ,57,41,1,0,internal compiler ast abstract variable declaration 
core::dom::AnnotationTypeMemberDeclaration ,170,32,8,0,core dom annotation type member declaration 
internal::compiler::parser::TypeConverter ,246,1,2,0,internal compiler parser type converter 
internal::core::util::VerificationInfo ,37,3,0,0,internal core util verification info 
internal::core::SimpleDelta ,44,5,2,0,internal core simple delta 
internal::codeassist::impl::AssistSourceMethod ,44,1,2,0,internal codeassist impl assist source method 
internal::compiler::classfmt::AnnotationMethodInfo ,95,6,0,0,internal compiler classfmt annotation method info 
internal::core::search::matching::IntersectingPattern ,49,2,2,1,internal core search matching intersecting pattern 
internal::compiler::problem::AbortCompilationUnit ,4,18,4,0,internal compiler problem abort compilation unit 
internal::codeassist::complete::CompletionOnArgumentName ,27,19,2,0,internal codeassist complete completion on argument name 
core::NamingConventions ,142,38,9,2,core naming conventions 
internal::core::OverflowingLRUCache ,233,51,5,0,internal core overflowing cache 
internal::core::SourceMethodElementInfo ,34,28,3,0,internal core source method element info 
internal::core::util::FieldInfo ,92,18,1,0,internal core util field info 
internal::formatter::FormatJavadoc ,27,1,3,0,internal formatter format javadoc 
internal::compiler::codegen::IntegerCache ,94,31,1,0,internal compiler codegen integer cache 
core::search::PackageReferenceMatch ,3,20,2,1,core search package reference match 
internal::compiler::parser::RecoveredMethod ,409,83,15,0,internal compiler parser recovered method 
internal::core::search::matching::MethodPattern ,180,80,23,1,internal core search matching method pattern 
internal::core::eval::EvaluationContextWrapper ,195,76,2,0,internal core eval evaluation context wrapper 
internal::compiler::flow::InitializationFlowContext ,54,23,0,2,internal compiler flow initialization flow context 
internal::compiler::ast::Assignment ,221,112,28,0,internal compiler ast assignment 
internal::compiler::lookup::TypeVariableBinding ,333,113,45,1,internal compiler lookup type variable binding 
internal::core::util::RecordedParsingInformation ,12,8,5,0,internal core util recorded parsing information 
core::formatter::CodeFormatter ,3,25,13,0,core formatter code formatter 
internal::compiler::ast::MagicLiteral ,12,17,0,0,internal compiler ast magic literal 
internal::core::BufferCache ,32,25,3,0,internal core buffer cache 
internal::compiler::classfmt::AnnotationInfo ,316,6,1,0,internal compiler classfmt annotation info 
core::dom::rewrite::ListRewrite ,128,15,3,0,core dom rewrite list rewrite 
internal::formatter::FormatJavadocReference ,10,3,3,0,internal formatter format javadoc reference 
internal::core::CreateInitializerOperation ,59,37,7,0,internal core create initializer operation 
internal::core::dom::rewrite::TokenScanner ,78,14,2,0,internal core dom rewrite token scanner 
internal::core::builder::AbortIncrementalBuildException ,3,8,0,0,internal core builder abort incremental build exception 
internal::compiler::ReadManager ,153,1,1,2,internal compiler read manager 
core::search::SearchMatch ,111,39,13,0,core search search match 
core::dom::rewrite::TargetSourceRangeComputer ,11,4,2,0,core dom rewrite target source range computer 
internal::core::index::DiskIndex ,1117,91,40,0,internal core index disk index 
internal::core::JarEntryDirectory ,32,2,1,0,internal core jar entry directory 
internal::eval::CodeSnippetReturnStatement ,101,48,3,1,internal eval code snippet return statement 
internal::core::util::RuntimeVisibleParameterAnnotationsAttribute ,22,5,0,0,internal core util runtime visible parameter annotations attribute 
internal::compiler::impl::LongConstant ,40,34,1,0,internal compiler impl long constant 
internal::compiler::parser::RecoveredType ,468,79,12,0,internal compiler parser recovered type 
internal::compiler::lookup::SyntheticArgumentBinding ,10,21,4,0,internal compiler lookup synthetic argument binding 
core::CompletionRequestor ,79,18,10,0,core completion requestor 
core::search::TypeDeclarationMatch ,3,16,0,0,core search type declaration match 
internal::codeassist::select::SelectionOnQualifiedAllocationExpression ,59,37,4,0,internal codeassist select selection on qualified allocation expression 
internal::compiler::ast::EqualExpression ,799,90,21,0,internal compiler ast equal expression 
internal::core::jdom::CompilationUnit ,30,29,0,0,internal core jdom compilation unit 
internal::core::search::matching::ConstructorLocator ,222,37,12,1,internal core search matching constructor locator 
internal::compiler::parser::RecoveredUnit ,158,46,6,0,internal compiler parser recovered unit 
internal::core::dom::rewrite::LineInformation ,10,3,0,0,internal core dom rewrite line information 
internal::core::TypeParameterElementInfo ,0,3,0,0,internal core type parameter element info 
internal::eval::CodeSnippetMessageSend ,311,78,12,2,internal eval code snippet message send 
core::dom::EnumDeclaration ,118,34,8,0,core dom enum declaration 
core::search::LocalVariableDeclarationMatch ,3,16,0,0,core search local variable declaration match 
internal::codeassist::complete::CompletionOnSingleTypeReference ,63,38,5,0,internal codeassist complete completion on single type reference 
core::dom::PostfixExpression ,96,36,8,0,core dom postfix expression 
internal::core::search::indexing::IndexRequest ,24,30,0,0,internal core search indexing index request 
internal::core::util::AnnotationDefaultAttribute ,7,5,0,0,internal core util annotation default attribute 
core::dom::TryStatement ,108,37,8,0,core dom try statement 
core::dom::VariableDeclaration ,15,17,3,0,core dom variable declaration 
internal::codeassist::complete::CompletionOnMethodTypeParameter ,22,11,1,0,internal codeassist complete completion on method type parameter 
internal::compiler::ast::MarkerAnnotation ,16,14,2,0,internal compiler ast marker annotation 
internal::compiler::ast::FloatLiteral ,85,24,2,0,internal compiler ast float literal 
internal::compiler::ast::WhileStatement ,232,78,15,0,internal compiler ast while statement 
internal::formatter::DefaultCodeFormatterOptions ,2140,110,63,2,internal formatter default code formatter options 
internal::core::ClasspathValidation ,51,0,0,1,internal core classpath validation 
internal::compiler::lookup::ProblemPackageBinding ,6,16,0,0,internal compiler lookup problem package binding 
internal::core::search::JavaSearchDocument ,51,19,3,0,internal core search java search document 
core::dom::Statement ,48,35,7,0,core dom statement 
internal::compiler::ast::Statement ,99,58,9,0,internal compiler ast statement 
core::dom::ImportDeclaration ,121,45,10,0,core dom import declaration 
internal::codeassist::select::SelectionOnFieldReference ,23,28,1,0,internal codeassist select selection on field reference 
internal::core::PackageDeclaration ,30,38,4,0,internal core package declaration 
core::dom::CompilationUnitResolver ,282,154,54,0,core dom compilation unit resolver 
internal::core::TypeVector ,78,24,0,0,internal core type vector 
internal::compiler::ast::FalseLiteral ,38,23,2,0,internal compiler ast false literal 
internal::core::SourceRefElementInfo ,15,16,0,0,internal core source ref element info 
internal::core::SourceFieldElementInfo ,12,20,3,0,internal core source field element info 
internal::compiler::ast::ConditionalExpression ,445,117,24,0,internal compiler ast conditional expression 
internal::core::JarEntryFile ,38,31,1,0,internal core jar entry file 
internal::codeassist::complete::CompletionOnMemberAccess ,38,31,3,0,internal codeassist complete completion on member access 
internal::core::util::ExceptionTableEntry ,28,10,0,0,internal core util exception table entry 
internal::compiler::ast::FieldReference ,547,149,43,6,internal compiler ast field reference 
internal::core::CommitWorkingCopyOperation ,141,72,14,0,internal core commit working copy operation 
internal::compiler::parser::RecoveredField ,186,46,7,0,internal compiler parser recovered field 
internal::core::UserLibraryManager ,128,21,6,0,internal core user library manager 
internal::core::SourceTypeElementInfo ,193,47,7,0,internal core source type element info 
internal::compiler::ast::JavadocAllocationExpression ,142,45,27,0,internal compiler ast javadoc allocation expression 
internal::compiler::classfmt::MethodInfo ,392,67,13,0,internal compiler classfmt method info 
core::JavaCore ,1058,708,172,4,core java core 
internal::core::util::CodeAttribute ,1081,29,4,1,internal core util code attribute 
internal::core::eval::GlobalVariableWrapper ,17,13,0,0,internal core eval global variable wrapper 
internal::compiler::classfmt::ClassFileStruct ,67,40,2,0,internal compiler classfmt class file struct 
core::dom::TextElement ,63,22,5,0,core dom text element 
internal::codeassist::select::SelectionJavadocParser ,123,8,4,0,internal codeassist select selection javadoc parser 
internal::core::BinaryField ,81,44,9,2,internal core binary field 
internal::core::util::CommentRecorderParser ,193,34,24,1,internal core util comment recorder parser 
core::dom::DocCommentParser ,638,47,36,1,core dom doc comment parser 
internal::compiler::ast::MemberValuePair ,189,40,16,0,internal compiler ast member value pair 
internal::compiler::impl::Constant ,1500,45,7,0,internal compiler impl constant 
core::dom::MethodInvocation ,137,45,11,0,core dom method invocation 
internal::core::util::StackMapTableAttribute ,33,3,1,0,internal core util stack map table attribute 
internal::core::PackageFragment ,356,103,23,0,internal core package fragment 
internal::codeassist::select::SelectionOnQualifiedTypeReference ,38,32,3,0,internal codeassist select selection on qualified type reference 
internal::core::search::JavaSearchTypeNameMatch ,35,0,1,0,internal core search java search type name match 
internal::core::search::indexing::IndexManager ,644,197,33,3,internal core search indexing index manager 
internal::core::JarPackageFragment ,127,50,6,0,internal core jar package fragment 
internal::codeassist::impl::AssistImportDeclaration ,7,0,1,0,internal codeassist impl assist import declaration 
internal::compiler::ast::IntLiteral ,110,30,4,0,internal compiler ast int literal 
internal::compiler::parser::Parser ,0,519,173,4,internal compiler parser parser 
internal::core::builder::State ,560,73,18,1,internal core builder state 
internal::eval::CodeSnippetEvaluator ,144,39,8,0,internal eval code snippet evaluator 
core::dom::TypeDeclarationStatement ,123,51,12,0,core dom type declaration statement 
internal::compiler::batch::ClasspathJar ,155,56,9,1,internal compiler batch classpath jar 
internal::core::search::matching::JavaSearchNameEnvironment ,140,31,10,0,internal core search matching java search name environment 
internal::eval::InstallException ,3,17,0,0,internal eval install exception 
internal::core::search::HierarchyScope ,240,55,6,0,internal core search hierarchy scope 
core::search::TypeNameMatch ,23,9,10,0,core search type name match 
internal::core::SearchableEnvironmentRequestor ,44,24,7,0,internal core searchable environment requestor 
internal::compiler::batch::CompilationUnit ,50,38,4,0,internal compiler batch compilation unit 
internal::core::dom::NaiveASTFlattener ,48,0,1,0,internal core dom naive flattener 
internal::compiler::lookup::MethodVerifier15 ,747,105,80,8,internal compiler lookup method verifier 
internal::compiler::parser::RecoveryScannerData ,42,1,1,0,internal compiler parser recovery scanner data 
internal::core::search::matching::InternalSearchPattern ,64,16,4,1,internal core search matching internal search pattern 
internal::formatter::DefaultCodeFormatter ,370,87,31,0,internal formatter default code formatter 
core::dom::MemberValuePair ,109,31,6,0,core dom member value pair 
internal::codeassist::complete::CompletionOnImportReference ,12,25,0,0,internal codeassist complete completion on import reference 
internal::core::UserLibrary ,141,24,9,0,internal core user library 
internal::compiler::ast::BinaryExpression ,1782,80,18,0,internal compiler ast binary expression 
internal::core::builder::ClasspathLocation ,18,25,5,0,internal core builder classpath location 
internal::core::ResolvedSourceType ,26,10,4,0,internal core resolved source type 
internal::core::DiscardWorkingCopyOperation ,41,12,6,0,internal core discard working copy operation 
core::dom::ChildPropertyDescriptor ,18,8,1,0,core dom child property descriptor 
internal::codeassist::impl::AssistOptions ,155,35,8,0,internal codeassist impl assist options 
internal::compiler::lookup::WildcardBinding ,533,98,28,1,internal compiler lookup wildcard binding 
internal::compiler::ast::ArrayAllocationExpression ,142,54,5,0,internal compiler ast array allocation expression 
internal::core::search::matching::SecondaryTypeDeclarationPattern ,13,1,1,1,internal core search matching secondary type declaration pattern 
core::dom::EnhancedForStatement ,141,34,5,0,core dom enhanced for statement 
internal::core::JavaElementRequestor ,105,16,0,0,internal core java element requestor 
internal::compiler::lookup::Scope ,2877,449,214,8,internal compiler lookup scope 
core::dom::BindingComparator ,3,30,19,0,core dom binding comparator 
internal::formatter::AbortFormatting ,4,7,0,0,internal formatter abort formatting 
internal::core::util::ResourceCompilationUnit ,15,8,3,0,internal core util resource compilation unit 
internal::core::CompilationUnitProblemFinder ,57,73,21,0,internal core compilation unit problem finder 
internal::compiler::ast::PostfixExpression ,39,35,0,0,internal compiler ast postfix expression 
internal::compiler::problem::ProblemReporter ,6571,478,194,8,internal compiler problem problem reporter 
internal::codeassist::complete::CompletionOnKeyword1 ,23,11,2,0,internal codeassist complete completion on keyword 
internal::compiler::lookup::ClassScope ,1091,238,82,1,internal compiler lookup class scope 
internal::core::search::PathCollector ,12,20,1,0,internal core search path collector 
internal::compiler::ast::BranchStatement ,39,34,10,0,internal compiler ast branch statement 
internal::codeassist::complete::CompletionJavadoc ,222,5,1,0,internal codeassist complete completion javadoc 
internal::formatter::Scribe ,3184,171,102,9,internal formatter scribe 
internal::core::MemberElementInfo ,18,21,2,0,internal core member element info 
internal::codeassist::impl::AssistPackageDeclaration ,10,0,1,0,internal codeassist impl assist package declaration 
core::search::SearchParticipant ,30,38,11,0,core search search participant 
internal::compiler::problem::AbortType ,3,17,3,0,internal compiler problem abort type 
internal::compiler::parser::RecoveredAnnotation ,184,1,2,0,internal compiler parser recovered annotation 
internal::core::util::LocalVariableTableEntry ,38,8,0,0,internal core util local variable table entry 
internal::compiler::codegen::LongCache ,94,30,1,0,internal compiler codegen long cache 
internal::core::search::matching::MatchingNodeSet ,149,45,9,0,internal core search matching matching node set 
internal::core::search::indexing::SourceIndexerRequestor ,235,62,20,0,internal core search indexing source indexer requestor 
internal::compiler::ast::QualifiedNameReference ,986,170,48,7,internal compiler ast qualified name reference 
internal::compiler::classfmt::InnerClassInfo ,72,29,3,0,internal compiler classfmt inner class info 
internal::codeassist::select::SelectionOnParameterizedQualifiedTypeReference ,43,14,3,0,internal codeassist select selection on parameterized qualified type reference 
internal::core::search::matching::LocalVariablePattern ,43,33,8,0,internal core search matching local variable pattern 
internal::compiler::codegen::CodeStream ,6017,216,66,3,internal compiler codegen code stream 
core::dom::StringLiteral ,166,50,10,1,core dom string literal 
internal::core::MovePackageFragmentRootOperation ,231,20,3,0,internal core move package fragment root operation 
internal::compiler::codegen::StackMapFrameCodeStream ,395,28,17,2,internal compiler codegen stack map frame code stream 
internal::formatter::align::Alignment ,270,34,18,0,internal formatter align alignment 
internal::codeassist::complete::InvalidCursorLocation ,3,29,0,0,internal codeassist complete invalid cursor location 
internal::core::search::SubTypeSearchJob ,24,53,2,0,internal core search sub type search job 
internal::core::ChangeClasspathOperation ,63,11,7,0,internal core change classpath operation 
internal::formatter::CascadingMethodInvocationFragmentBuilder ,26,8,4,0,internal formatter cascading method invocation fragment builder 
internal::core::util::ASTNodeFinder ,129,13,3,0,internal core util node finder 
internal::codeassist::complete::CompletionOnParameterizedQualifiedTypeReference ,67,14,2,0,internal codeassist complete completion on parameterized qualified type reference 
core::search::LocalVariableReferenceMatch ,12,20,2,0,core search local variable reference match 
internal::compiler::parser::diagnose::RangeUtil ,60,13,5,0,internal compiler parser diagnose range util 
internal::core::builder::QualifiedNameSet ,44,9,1,0,internal core builder qualified name set 
internal::codeassist::CompletionUnitStructureRequestor ,128,1,2,0,internal codeassist completion unit structure requestor 
internal::core::util::InnerClassesAttribute ,21,15,1,0,internal core util inner classes attribute 
internal::compiler::env::AccessRestriction ,11,15,4,0,internal compiler env access restriction 
internal::eval::CodeSnippetThisReference ,75,43,2,0,internal eval code snippet this reference 
internal::core::PackageFragmentInfo ,25,40,2,0,internal core package fragment info 
internal::compiler::lookup::ImportConflictBinding ,10,2,1,0,internal compiler lookup import conflict binding 
core::dom::PrefixExpression ,97,37,8,0,core dom prefix expression 
internal::compiler::parser::diagnose::LexStream ,212,14,6,0,internal compiler parser diagnose lex stream 
internal::core::search::indexing::AbstractIndexer ,137,55,8,0,internal core search indexing abstract indexer 
core::dom::Annotation ,53,20,5,0,core dom annotation 
internal::core::ClasspathAttribute ,21,1,0,0,internal core classpath attribute 
internal::compiler::lookup::BinaryLocalVariableBinding ,7,0,0,0,internal compiler lookup binary local variable binding 
internal::codeassist::complete::CompletionNodeDetector ,29,17,3,0,internal codeassist complete completion node detector 
core::dom::IfStatement ,128,40,10,0,core dom if statement 
internal::core::search::matching::QualifiedTypeDeclarationPattern ,100,47,10,1,internal core search matching qualified type declaration pattern 
internal::compiler::ast::LocalDeclaration ,209,92,29,0,internal compiler ast local declaration 
internal::core::hierarchy::ChangeCollector ,254,10,2,0,internal core hierarchy change collector 
internal::codeassist::select::SelectionParser ,1189,115,25,1,internal codeassist select selection parser 
core::dom::Comment ,24,8,0,0,core dom comment 
internal::core::search::matching::DeclarationOfAccessedFieldsPattern ,7,29,3,1,internal core search matching declaration of accessed fields pattern 
internal::codeassist::complete::CompletionOnJavadocFieldReference ,76,5,4,0,internal codeassist complete completion on javadoc field reference 
internal::core::JavaModelCache ,166,37,7,1,internal core java model cache 
internal::compiler::util::HashtableOfPackage ,79,30,1,0,internal compiler util hashtable of package 
internal::core::ResolvedSourceMethod ,23,7,2,0,internal core resolved source method 
internal::core::Member ,312,59,19,0,internal core member 
internal::core::SourceMapper ,909,166,48,1,internal core source mapper 
core::util::OpcodeStringValues ,0,14,2,1,core util opcode string values 
core::formatter::IndentManipulation ,235,6,3,0,core formatter indent manipulation 
core::dom::AbstractTypeDeclaration ,61,21,6,0,core dom abstract type declaration 
core::dom::SwitchCase ,75,39,9,0,core dom switch case 
internal::compiler::SourceElementParser ,849,123,21,0,internal compiler source element parser 
core::dom::TypeLiteral ,72,36,8,0,core dom type literal 
internal::compiler::ast::StringLiteralConcatenation ,46,5,1,0,internal compiler ast string literal concatenation 
internal::core::search::PatternSearchJob ,75,71,8,0,internal core search pattern search job 
internal::compiler::ast::DoStatement ,163,72,17,0,internal compiler ast do statement 
internal::core::util::Util ,1892,154,68,4,internal core util util 
internal::codeassist::select::SelectionNodeFound ,4,25,2,0,internal codeassist select selection node found 
internal::eval::CodeSnippetSkeleton ,66,52,8,0,internal eval code snippet skeleton 
core::search::TypeNameRequestor ,3,6,3,0,core search type name requestor 
internal::core::search::matching::PackageReferenceLocator ,256,64,26,3,internal core search matching package reference locator 
internal::core::dom::rewrite::SourceModifier ,18,14,1,0,internal core dom rewrite source modifier 
internal::codeassist::complete::CompletionOnMessageSendName ,44,2,2,0,internal codeassist complete completion on message send name 
internal::compiler::problem::ProblemHandler ,38,42,13,0,internal compiler problem problem handler 
internal::core::DeltaProcessingState ,419,62,26,1,internal core delta processing state 
internal::core::SetClasspathOperation ,44,180,32,1,internal core set classpath operation 
internal::core::jdom::DOMCompilationUnit ,89,46,5,0,internal core jdom compilation unit 
internal::core::SetVariablesOperation ,152,7,4,0,internal core set variables operation 
core::dom::MarkerAnnotation ,54,22,4,0,core dom marker annotation 
internal::core::search::matching::TypeDeclarationPattern ,240,81,16,1,internal core search matching type declaration pattern 
internal::codeassist::select::SelectionOnSuperReference ,16,27,1,0,internal codeassist select selection on super reference 
internal::core::JavaModelManager ,2475,458,141,9,internal core java model manager 
internal::core::BufferManager ,70,44,4,0,internal core buffer manager 
internal::core::search::matching::ClasspathSourceDirectory ,72,25,7,0,internal core search matching classpath source directory 
internal::core::search::indexing::AddJarFileToIndex ,195,100,5,1,internal core search indexing add jar file to index 
core::dom::SingleVariableDeclaration ,257,64,13,0,core dom single variable declaration 
internal::compiler::ast::SuperReference ,41,38,2,0,internal compiler ast super reference 
internal::core::util::ToStringSorter ,42,20,0,0,internal core util to string sorter 
internal::compiler::ast::DoubleLiteral ,85,24,2,0,internal compiler ast double literal 
internal::compiler::util::HashtableOfIntValues ,115,6,0,0,internal compiler util hashtable of int values 
internal::compiler::classfmt::FieldInfoWithAnnotation ,40,3,0,0,internal compiler classfmt field info with annotation 
internal::compiler::ast::Clinit ,231,72,14,2,internal compiler ast clinit 
internal::codeassist::complete::CompletionOnKeyword2 ,18,13,2,0,internal codeassist complete completion on keyword 
core::compiler::CompilationProgress ,0,0,1,0,core compiler compilation progress 
internal::core::dom::rewrite::ImportRewriteAnalyzer ,606,10,7,1,internal core dom rewrite import rewrite analyzer 
internal::compiler::lookup::SyntheticMethodBinding ,166,25,10,2,internal compiler lookup synthetic method binding 
internal::core::dom::rewrite::NodeInfoStore ,74,13,3,0,internal core dom rewrite node info store 
core::dom::QualifiedName ,110,49,14,0,core dom qualified name 
core::dom::SuperConstructorInvocation ,101,39,8,0,core dom super constructor invocation 
core::ClasspathVariableInitializer ,3,13,0,0,core classpath variable initializer 
internal::core::ClassFile ,549,164,44,0,internal core class file 
internal::compiler::util::HashtableOfLong ,74,8,1,0,internal compiler util hashtable of long 
internal::compiler::codegen::BranchLabel ,199,16,9,1,internal compiler codegen branch label 
internal::core::util::LocalVariableTypeTableEntry ,38,5,0,0,internal core util local variable type table entry 
internal::compiler::lookup::AnnotationHolder ,32,3,0,0,internal compiler lookup annotation holder 
internal::compiler::ast::CompoundAssignment ,150,74,6,0,internal compiler ast compound assignment 
core::search::TypeParameterReferenceMatch ,4,2,1,0,core search type parameter reference match 
internal::core::ClasspathAccessRule ,27,6,2,0,internal core classpath access rule 
internal::core::CompilationUnit ,830,290,73,1,internal core compilation unit 
internal::core::search::matching::SuperTypeNamesCollector ,162,71,14,0,internal core search matching super type names collector 
internal::core::DocumentAdapter ,12,1,1,0,internal core document adapter 
internal::compiler::lookup::MethodVerifier ,736,130,49,3,internal compiler lookup method verifier 
internal::core::jdom::DOMInitializer ,89,38,4,0,internal core jdom initializer 
internal::codeassist::complete::CompletionOnJavadocTypeParamReference ,17,5,3,0,internal codeassist complete completion on javadoc type param reference 
internal::codeassist::complete::CompletionOnQualifiedTypeReference ,63,34,3,0,internal codeassist complete completion on qualified type reference 
internal::compiler::ast::SingleMemberAnnotation ,34,19,2,0,internal compiler ast single member annotation 
internal::core::util::BindingKeyResolver ,435,55,27,0,internal core util binding key resolver 
internal::compiler::ast::CharLiteral ,72,25,1,0,internal compiler ast char literal 
internal::codeassist::impl::AssistParser ,1384,112,34,0,internal codeassist impl assist parser 
internal::core::ImportDeclaration ,57,47,7,0,internal core import declaration 
internal::core::jdom::SiblingEnumeration ,13,16,1,0,internal core jdom sibling enumeration 
internal::codeassist::complete::CompletionOnSingleNameReference ,17,29,3,0,internal codeassist complete completion on single name reference 
internal::core::Initializer ,67,47,7,0,internal core initializer 
core::dom::rewrite::ASTRewrite ,281,46,13,1,core dom rewrite rewrite 
internal::core::search::indexing::RemoveFromIndex ,25,46,1,0,internal core search indexing remove from index 
internal::compiler::ast::NameReference ,34,24,3,0,internal compiler ast name reference 
core::dom::EnumConstantDeclaration ,141,38,9,0,core dom enum constant declaration 
internal::core::search::matching::FieldLocator ,274,67,24,1,internal core search matching field locator 
internal::core::SourceField ,120,60,13,0,internal core source field 
core::dom::DefaultBindingResolver ,1106,188,110,1,core dom default binding resolver 
internal::compiler::parser::RecoveredLocalVariable ,107,33,2,0,internal compiler parser recovered local variable 
internal::codeassist::select::SelectionOnParameterizedSingleTypeReference ,21,3,0,0,internal codeassist select selection on parameterized single type reference 
internal::formatter::comment::JavaDocLine ,15,2,1,0,internal formatter comment java doc line 
internal::codeassist::complete::CompletionOnBrankStatementLabel ,23,3,1,0,internal codeassist complete completion on brank statement label 
core::dom::QualifiedType ,107,34,6,0,core dom qualified type 
internal::core::ReconcileWorkingCopyOperation ,190,70,31,0,internal core reconcile working copy operation 
internal::core::builder::CompilationParticipantResult ,19,6,3,0,internal core builder compilation participant result 
core::compiler::CompilationParticipant ,24,18,5,1,core compiler compilation participant 
internal::compiler::lookup::MethodBinding ,724,142,34,3,internal compiler lookup method binding 
internal::core::hierarchy::HierarchyResolver ,629,112,36,0,internal core hierarchy hierarchy resolver 
internal::compiler::ast::ParameterizedSingleTypeReference ,244,71,29,1,internal compiler ast parameterized single type reference 
internal::codeassist::complete::CompletionOnJavadocMessageSend ,56,3,3,0,internal codeassist complete completion on javadoc message send 
internal::core::search::indexing::AddFolderToIndex ,79,32,5,0,internal core search indexing add folder to index 
internal::core::BasicCompilationUnit ,71,43,3,0,internal core basic compilation unit 
internal::compiler::lookup::BinaryTypeBinding ,947,177,46,1,internal compiler lookup binary type binding 
internal::compiler::lookup::RawTypeBinding ,129,66,24,0,internal compiler lookup raw type binding 
internal::core::SortElementsOperation ,281,49,14,0,internal core sort elements operation 
internal::compiler::lookup::CompilationUnitScope ,687,148,34,4,internal compiler lookup compilation unit scope 
core::search::FieldDeclarationMatch ,3,17,0,0,core search field declaration match 
core::jdom::DOMException ,3,21,1,0,core jdom exception 
internal::compiler::flow::UnconditionalFlowInfo ,1440,70,15,0,internal compiler flow unconditional flow info 
internal::core::util::ConstantValueAttribute ,11,14,0,0,internal core util constant value attribute 
internal::codeassist::complete::CompletionOnClassLiteralAccess ,17,27,0,0,internal codeassist complete completion on class literal access 
internal::compiler::batch::FileSystem ,198,64,18,0,internal compiler batch file system 
internal::compiler::problem::ShouldNotImplement ,3,18,0,0,internal compiler problem should not implement 
internal::codeassist::complete::CompletionScanner ,796,85,24,0,internal codeassist complete completion scanner 
internal::compiler::ast::NumberLiteral ,11,17,0,0,internal compiler ast number literal 
internal::eval::CodeSnippetScope ,308,63,11,2,internal eval code snippet scope 
internal::codeassist::select::SelectionOnImportReference ,12,25,0,0,internal codeassist select selection on import reference 
internal::compiler::codegen::Label ,3,57,10,0,internal compiler codegen label 
internal::compiler::ast::JavadocQualifiedTypeReference ,48,34,23,0,internal compiler ast javadoc qualified type reference 
internal::core::search::matching::JavaSearchPattern ,306,33,21,1,internal core search matching java search pattern 
core::dom::RecoveredVariableBinding ,87,2,4,0,core dom recovered variable binding 
core::CompletionProposal ,347,50,19,1,core completion proposal 
